﻿<?xml version="1.0" encoding="utf-8"?>
<Defs>
  <!--Industrial-->
  <ResearchProjectDef>
    <tab>RA2</tab>
    <defName>Ra2BaseResearch</defName>
    <label>base research of RA2</label>
    <description>Learn to create RA2 basic architecture .</description>
    <baseCost>800</baseCost>
    <techLevel>Industrial</techLevel>
    <prerequisites>
      <li>MultiAnalyzer</li>
    </prerequisites>
    <researchViewX>0</researchViewX>
    <researchViewY>1</researchViewY>
    <requiredResearchBuilding>HiTechResearchBench</requiredResearchBuilding>
    <requiredResearchFacilities>
	  <li>MultiAnalyzer</li>
    </requiredResearchFacilities>
  </ResearchProjectDef>

</Defs>