﻿<?xml version="1.0" encoding="utf-8"?>
<Defs>

  <ResearchProjectDef>
    <tab>RA2</tab>
    <defName>Ra2SovietBarracks</defName>
    <label>Soviet Barracks</label>
    <description>Learn to build soviet barracks.</description>
    <baseCost>1000</baseCost>
    <techLevel>Industrial</techLevel>
    <prerequisites>
      <li>Ra2BaseResearch</li>
    </prerequisites>
    <researchViewX>0.5</researchViewX>
    <researchViewY>0.5</researchViewY>
    <requiredResearchBuilding>HiTechResearchBench</requiredResearchBuilding>
    <requiredResearchFacilities>
	  <li>ra2_SovietTech</li>
    </requiredResearchFacilities>
  </ResearchProjectDef>  
  
  <ResearchProjectDef>
    <tab>RA2</tab>
    <defName>Ra2SovietPillbox</defName>
    <label>Soviet Pillbox</label>
    <description>Learn to build soviet pillbox.</description>
    <baseCost>800</baseCost>
    <techLevel>Industrial</techLevel>
    <prerequisites>
      <li>Ra2SovietBarracks</li>
    </prerequisites>
    <researchViewX>1</researchViewX>
    <researchViewY>0</researchViewY>
    <requiredResearchBuilding>HiTechResearchBench</requiredResearchBuilding>
    <requiredResearchFacilities>
	  <li>ra2_SovietTech</li>
    </requiredResearchFacilities>
  </ResearchProjectDef>
  
  <ResearchProjectDef>
    <tab>RA2</tab>
    <defName>Ra2SovietADA</defName>
    <label>Soviet Flak Cannon</label>
    <description>Learn to build soviet flak cannon.</description>
    <baseCost>1300</baseCost>
    <techLevel>Industrial</techLevel>
    <prerequisites>
      <li>Ra2SovietBarracks</li>
    </prerequisites>
    <researchViewX>1</researchViewX>
    <researchViewY>0.5</researchViewY>
    <requiredResearchBuilding>HiTechResearchBench</requiredResearchBuilding>
    <requiredResearchFacilities>
	  <li>ra2_SovietTech</li>
    </requiredResearchFacilities>
  </ResearchProjectDef>
  
  <ResearchProjectDef>
    <tab>RA2</tab>
    <defName>Ra2SovietTesla</defName>
    <label>Soviet Tesla Coil</label>
    <description>Learn to build soviet tesla coil.</description>
    <baseCost>1600</baseCost>
    <techLevel>Industrial</techLevel>
    <prerequisites>
      <li>Ra2SovietPillbox</li>
	  <li>Ra2SovietTeslaTech</li>
    </prerequisites>
    <researchViewX>3</researchViewX>
    <researchViewY>0</researchViewY>
    <requiredResearchBuilding>HiTechResearchBench</requiredResearchBuilding>
    <requiredResearchFacilities>
	  <li>ra2_SovietTech</li>
    </requiredResearchFacilities>
  </ResearchProjectDef>
  
  <ResearchProjectDef>
    <tab>RA2</tab>
    <defName>Ra2SovietEarthHammer</defName>
    <label>Soviet EarthHammer</label>
    <description>Learn to build soviet earth hammer.</description>
    <baseCost>3200</baseCost>
    <techLevel>Industrial</techLevel>
    <prerequisites>
      <li>Ra2SovietTesla</li>
    </prerequisites>
    <researchViewX>4</researchViewX>
    <researchViewY>0</researchViewY>
    <requiredResearchBuilding>HiTechResearchBench</requiredResearchBuilding>
    <requiredResearchFacilities>
	  <li>ra2_SovietTech</li>
    </requiredResearchFacilities>
  </ResearchProjectDef>
  
  <ResearchProjectDef>
    <tab>RA2</tab>
    <defName>Ra2SovietDesolatorSuit</defName>
    <label>Soviet Desolator Suit</label>
    <description>Learn to create Desolator suit.</description>
    <baseCost>1600</baseCost>
    <techLevel>Industrial</techLevel>
    <prerequisites>
      <li>ComplexClothing</li>
      <li>Ra2BaseResearch</li>
    </prerequisites>
    <researchViewX>1</researchViewX>
    <researchViewY>1</researchViewY>
    <requiredResearchBuilding>HiTechResearchBench</requiredResearchBuilding>
    <requiredResearchFacilities>
	  <li>ra2_SovietTech</li>
    </requiredResearchFacilities>
  </ResearchProjectDef>
  
  <ResearchProjectDef>
    <tab>RA2</tab>
    <defName>Ra2SovietApoTankGun</defName>
    <label>Soviet Portable Apocalypse Tank Gun</label>
    <description>Learn to create Portable Apocalypse Tank Gun.</description>
    <baseCost>3000</baseCost>
    <techLevel>Industrial</techLevel>
    <prerequisites>
      <li>Ra2BaseResearch</li>
    </prerequisites>
    <researchViewX>3</researchViewX>
    <researchViewY>1</researchViewY>
    <requiredResearchBuilding>HiTechResearchBench</requiredResearchBuilding>
    <requiredResearchFacilities>
	  <li>ra2_SovietTech</li>
    </requiredResearchFacilities>
  </ResearchProjectDef>
  
  <ResearchProjectDef>
    <tab>RA2</tab>
    <defName>Ra2SovietApoTankGunTurret</defName>
    <label>Soviet Portable Apocalypse Tank Turret</label>
    <description>Learn to create Apocalypse Tank turret(unfinished).</description>
    <baseCost>99999</baseCost>
    <techLevel>Ultra</techLevel>
    <prerequisites>
      <li>Ra2SovietApoTankGun</li>
    </prerequisites>
    <researchViewX>4</researchViewX>
    <researchViewY>1</researchViewY>
    <requiredResearchBuilding>HiTechResearchBench</requiredResearchBuilding>
    <requiredResearchFacilities>
	  <li>ra2_SovietTech</li>
    </requiredResearchFacilities>
  </ResearchProjectDef>
  
  <ResearchProjectDef>
    <tab>RA2</tab>
    <defName>Ra2SovietTeslaTech</defName>
    <label>Soviet Tesla Tech</label>
    <description>Learn Tesla Tech.</description>
    <baseCost>1000</baseCost>
    <techLevel>Industrial</techLevel>
    <prerequisites>
      <li>Ra2SovietPillbox</li>
    </prerequisites>
    <researchViewX>2</researchViewX>
    <researchViewY>0</researchViewY>
    <requiredResearchBuilding>HiTechResearchBench</requiredResearchBuilding>
    <requiredResearchFacilities>
	  <li>ra2_SovietTech</li>
    </requiredResearchFacilities>
  </ResearchProjectDef>
  
  <ResearchProjectDef>
    <tab>RA2</tab>
    <defName>Ra2SovietNuclearTech</defName>
    <label>Soviet Nuclear Tech</label>
    <description>Learn Nuclear Tech.</description>
    <baseCost>1000</baseCost>
    <techLevel>Industrial</techLevel>
    <prerequisites>
      <li>Ra2SovietDesolatorSuit</li>
    </prerequisites>
    <researchViewX>2</researchViewX>
    <researchViewY>1</researchViewY>
    <requiredResearchBuilding>HiTechResearchBench</requiredResearchBuilding>
    <requiredResearchFacilities>
	  <li>ra2_SovietTech</li>
    </requiredResearchFacilities>
  </ResearchProjectDef>
  
  <ResearchProjectDef>
    <tab>RA2</tab>
    <defName>Ra2SovietNuclearMissle</defName>
    <label>Soviet Super Weapon</label>
    <description>Learn to build nuclear silo.</description>
    <baseCost>4000</baseCost>
    <techLevel>Industrial</techLevel>
    <prerequisites>
      <li>Ra2SovietNuclearTech</li>
    </prerequisites>
    <researchViewX>2</researchViewX>
    <researchViewY>0.5</researchViewY>
    <requiredResearchBuilding>HiTechResearchBench</requiredResearchBuilding>
    <requiredResearchFacilities>
	  <li>ra2_SovietTech</li>
    </requiredResearchFacilities>
  </ResearchProjectDef>
  
</Defs>