<?xml version="1.0" encoding="utf-8"?>
<Defs>
  <ThingDef ParentName="ra2BuildingBase">
    <defName>ra2_Prism</defName>
    <label>Prism Tower</label>
    <thingClass>ra2.Building_CustomTurretGun</thingClass>
    <graphicData>
      <texPath>ra2/Building/ra2_prism</texPath>
      <graphicClass>Graphic_Single</graphicClass>
      <drawSize>(9,9)</drawSize>
      <damageData>
        <rect>(0.2,0.2,0.6,0.6)</rect>
      </damageData>
    </graphicData>
    <uiIconPath>ra2/Building/ra2_prism_UI</uiIconPath>
    <uiIconScale>2</uiIconScale>
    <altitudeLayer>Building</altitudeLayer>
    <stealable>false</stealable>
    <rotatable>false</rotatable>
    <size>(3,3)</size>
    <statBases>
      <MaxHitPoints>1000</MaxHitPoints>
      <Flammability>1.0</Flammability>
      <WorkToBuild>2800</WorkToBuild>
      <Mass>400</Mass>
      <Beauty>-20</Beauty>
    </statBases>
    <tickerType>Normal</tickerType>
    <comps>
      <li Class="ra2.CompProperties_PrismTower">
        <compClass>ra2.CompPrismTower</compClass>
		<size>(4.5,4.5)</size>
		<speed>4</speed>
      </li>
      <li Class="CompProperties_Forbiddable"/>
      <li Class="CompProperties_Explosive">
                <explosiveRadius>2</explosiveRadius>
                <explosiveDamageType>Bomb</explosiveDamageType>
      </li>
      <li Class="CompProperties_Power">
        <compClass>CompPowerTrader</compClass>
        <basePowerConsumption>450</basePowerConsumption>
      </li>
      <li Class="CompProperties_Flickable"/>
 
    </comps>
    <description>Allied Prism Tower.</description>
    <passability>Impassable</passability>
    <pathCost>50</pathCost>
    <fillPercent>0.4</fillPercent>
    <castEdgeShadows>true</castEdgeShadows>
    <staticSunShadowHeight>0.6</staticSunShadowHeight>
    <hasTooltip>true</hasTooltip>
    <costList>
	  <ra2_GoldBar>1000</ra2_GoldBar>
    </costList>
    <terrainAffordanceNeeded>Light</terrainAffordanceNeeded>
    <designationCategory>Security</designationCategory>
    <specialDisplayRadius>29</specialDisplayRadius>
    <building>
			<ai_combatDangerous>true</ai_combatDangerous>
      <turretGunDef>ra2_Gun_Prism</turretGunDef>
      <turretBurstCooldownTime>3</turretBurstCooldownTime>
      <turretTopGraphicPath>ra2/Building/ra2_tesla_top</turretTopGraphicPath>
    </building>
    <designationHotKey>Misc2</designationHotKey>
    <researchPrerequisites>
      <li>Ra2AlliedPrism</li>
    </researchPrerequisites>
  </ThingDef>
  
  <ThingDef ParentName="BaseBullet">
    <defName>ra2_Bullet_Prism</defName>
    <label>prism</label>
    <thingClass>ra2.Projectile_BuildingLine</thingClass>
    <graphicData>
      <texPath>ra2/Projectile/Prism</texPath>
      <graphicClass>Graphic_Random</graphicClass>
    </graphicData>
    <projectile>
      <speed>200</speed>
      <damageDef>Burn</damageDef>
      <damageAmountBase>45</damageAmountBase>
    </projectile>
  </ThingDef>

  <ThingDef ParentName="ra2_CanGetGunBase">
    <defName>ra2_Gun_Prism</defName>
    <label>Prism Tower</label>
    <description>Prism Tower</description>
    <graphicData>
      <texPath>Things/Item/Equipment/WeaponRanged/ChargeRifle</texPath>
      <graphicClass>Graphic_Single</graphicClass>
    </graphicData>
    <menuHidden>true</menuHidden>
    <soundInteract>Interact_Rifle</soundInteract>

    <tradeability>None</tradeability>
    <destroyOnDrop>true</destroyOnDrop>
    <statBases>
      <Mass>1</Mass>
      <AccuracyTouch>1.00</AccuracyTouch>
      <AccuracyShort>1.00</AccuracyShort>
      <AccuracyMedium>1.00</AccuracyMedium>
      <AccuracyLong>1.00</AccuracyLong>
      <RangedWeapon_Cooldown>6.00</RangedWeapon_Cooldown>
    </statBases>
    <techLevel>Industrial</techLevel>
    <weaponTags>
      <li>TurretGun</li>
    </weaponTags>
    <verbs>
      <li>
        <verbClass>Verb_Shoot</verbClass>
        <hasStandardCommand>true</hasStandardCommand>
        <defaultProjectile>ra2_Bullet_Prism</defaultProjectile>
        <ticksBetweenBurstShots>6</ticksBetweenBurstShots>
        <burstShotCount>1</burstShotCount>
        <accuracyTouch>1.00</accuracyTouch>
        <accuracyShort>0.90</accuracyShort>
        <accuracyMedium>0.85</accuracyMedium>
        <accuracyLong>0.80</accuracyLong>
        <warmupTime>3</warmupTime>
        <range>24</range>
        <soundCast>ra2_prism</soundCast>
        <soundCastTail>ra2_prism_tail</soundCastTail>
        <muzzleFlashScale>14</muzzleFlashScale>
        <requireLineOfSight>false</requireLineOfSight>
      </li>
    </verbs>
  </ThingDef>
  
</Defs>