﻿<?xml version="1.0" encoding="utf-8"?>
<Defs>
  <PawnKindDef Name="ra2_SovietHumanBase" Abstract="True">
    <race>Human</race>
    <defaultFactionType>ra2_Soviet</defaultFactionType>
    <backstoryCategories>
	   <li>Civil</li>
	</backstoryCategories>
    <chemicalAddictionChance>0</chemicalAddictionChance>
	<baseRecruitDifficulty>1.0</baseRecruitDifficulty>
    <invNutrition>4.8</invNutrition>
    <itemQuality>Normal</itemQuality>
    <backstoryCryptosleepCommonality>0.25</backstoryCryptosleepCommonality>
    <maxGenerationAge>45</maxGenerationAge>
    <gearHealthRange>
      <min>1.5</min>
      <max>3.5</max>
    </gearHealthRange>
    <apparelTags>
      <li></li>
    </apparelTags>
    <apparelMoney>
      <min>20000</min>
      <max>60000</max>
    </apparelMoney>
    <techHediffsChance>2.00</techHediffsChance>
    <techHediffsTags>
      <li>Poor</li>
    </techHediffsTags>
    <techHediffsMoney>
      <min>3000</min>
      <max>3000</max>
    </techHediffsMoney>
    <combatEnhancingDrugsCount>
      <min>0</min>
      <max>2</max>
    </combatEnhancingDrugsCount>
    <combatEnhancingDrugsChance>0</combatEnhancingDrugsChance>

    <inventoryOptions>
      <skipChance>0.7</skipChance>
      <subOptionsChooseOne>
        <li>
          <thingDef>Silver</thingDef>
          <countRange>
            <min>120</min>
            <max>480</max>
          </countRange>
        </li>
        <li>
          <thingDef>MedicineIndustrial</thingDef>
          <countRange>
            <min>1</min>
            <max>2</max>
          </countRange>
        </li>
      </subOptionsChooseOne>
    </inventoryOptions>
    <apparelRequired>
      <li>ra2_Belt</li>
    </apparelRequired>
    <aiAvoidCover>true</aiAvoidCover>
    <apparelIgnoreSeasons>true</apparelIgnoreSeasons>

  </PawnKindDef>
  
  
  <PawnKindDef ParentName="ra2_SovietHumanBase">
    <defName>ra2_SovietConscript</defName>
    <label>conscript</label>
    <combatPower>10</combatPower>
    <weaponMoney>
      <min>2000</min>
      <max>3000</max>
    </weaponMoney>
    <weaponTags>
      <li>ra2_Gun_Conscript</li>
    </weaponTags>
    <apparelRequired>
      <li>ra2_Hat_Conscript</li>
      <li>ra2_Parka_Conscript</li>
	  <li>ra2_Shirt_Conscript</li>
	  <li>ra2_Pants_Conscript</li>
    </apparelRequired>
    <forceNormalGearQuality>true</forceNormalGearQuality>
  </PawnKindDef>
  
  <PawnKindDef ParentName="ra2_SovietHumanBase">
    <defName>ra2_SovietTeslaTrooper</defName>
    <label>teslatrooper</label>
    <combatPower>60</combatPower>
    <weaponMoney>
      <min>2000</min>
      <max>3000</max>
    </weaponMoney>
    <weaponTags>
      <li>ra2_Gun_TeslaTrooper</li>
    </weaponTags>
    <apparelRequired>
      <li>ra2_Hat_TeslaTrooper</li>
      <li>ra2_Parka_TeslaTrooper</li>
	  <li>ra2_Pants_TeslaTrooper</li>
    </apparelRequired>
    <forceNormalGearQuality>true</forceNormalGearQuality>
  </PawnKindDef>
  
  <PawnKindDef ParentName="ra2_SovietHumanBase">
    <defName>ra2_SovietDesolator</defName>
    <label>desolator</label>
    <combatPower>100</combatPower>
    <weaponMoney>
      <min>2000</min>
      <max>3000</max>
    </weaponMoney>
    <weaponTags>
      <li>ra2_Gun_Desolator</li>
    </weaponTags>
    <apparelRequired>
      <li>ra2_Hat_Desolator</li>
      <li>ra2_Parka_Desolator</li>
	  <li>ra2_Pants_Desolator</li>
    </apparelRequired>
    <forceNormalGearQuality>true</forceNormalGearQuality>
  </PawnKindDef>
  
  
  <PawnKindDef Name="ra2_SovietEngineerBase" Abstract="True">
    <race>Human</race>
    <defaultFactionType>ra2_Soviet</defaultFactionType>
    <backstoryCategories>
	   <li>Civil</li>
	</backstoryCategories>
    <chemicalAddictionChance>0</chemicalAddictionChance>
	<baseRecruitDifficulty>1.0</baseRecruitDifficulty>
    <invNutrition>4.8</invNutrition>
    <itemQuality>Normal</itemQuality>
    <backstoryCryptosleepCommonality>0.25</backstoryCryptosleepCommonality>
    <maxGenerationAge>45</maxGenerationAge>
    <gearHealthRange>
      <min>1.5</min>
      <max>3.5</max>
    </gearHealthRange>
    <apparelTags>
      <li></li>
    </apparelTags>
    <apparelMoney>
      <min>20000</min>
      <max>60000</max>
    </apparelMoney>
    <techHediffsChance>2.00</techHediffsChance>
    <techHediffsTags>
      <li>Poor</li>
    </techHediffsTags>
    <techHediffsMoney>
      <min>3000</min>
      <max>3000</max>
    </techHediffsMoney>
    <combatEnhancingDrugsCount>
      <min>0</min>
      <max>2</max>
    </combatEnhancingDrugsCount>
    <combatEnhancingDrugsChance>0</combatEnhancingDrugsChance>

    <inventoryOptions>
      <skipChance>0.5</skipChance>
      <subOptionsChooseOne>
        <li>
          <thingDef>Silver</thingDef>
          <countRange>
            <min>120</min>
            <max>480</max>
          </countRange>
        </li>
        <li>
          <thingDef>ra2_SovietTechCore</thingDef>
          <countRange>
            <min>0</min>
            <max>1</max>
          </countRange>
        </li>
      </subOptionsChooseOne>
    </inventoryOptions>
    <apparelRequired>
      <li>ra2_Belt</li>
    </apparelRequired>
    <aiAvoidCover>true</aiAvoidCover>
    <apparelIgnoreSeasons>true</apparelIgnoreSeasons>
    <factionLeader>true</factionLeader>
  </PawnKindDef>
  
  
  <PawnKindDef ParentName="ra2_SovietEngineerBase">
    <defName>ra2_SovietEngineer</defName>
    <label>soviet engineer</label>
    <combatPower>10</combatPower>
    <weaponMoney>
      <min>60</min>
      <max>200</max>
    </weaponMoney>
    <weaponTags>
      <li>NeolithicMeleeBasic</li>
    </weaponTags>
    <trader>true</trader>
    <apparelRequired>
      <li>ra2_Hat_Engineer</li>
      <li>ra2_Parka_Engineer</li>
	  <li>ra2_Shirt_Engineer</li>
	  <li>ra2_Pants_Engineer</li>
    </apparelRequired>

    <forceNormalGearQuality>true</forceNormalGearQuality>
  </PawnKindDef>

</Defs>