<?xml version="1.0" encoding="utf-8" ?>
<Defs>

  <ThingDef ParentName="BaseBullet">
    <defName>ra2_Bullet_Initiate</defName>
    <label>Initiate bullet</label>
    <thingClass>ra2.Yuri.InitiateBullet</thingClass>
    <graphicData>
      <texPath>Things/Projectile/Bullet_Small</texPath>
      <graphicClass>Graphic_Single</graphicClass>
    </graphicData>
    <projectile>
      <damageDef>Burn</damageDef>
      <damageAmountBase>6</damageAmountBase>
      <speed>200</speed>
    </projectile>
  </ThingDef>



 <ThingDef ParentName="ra2_CanGetGunBase">
    <defName>ra2_Gun_Initiate</defName>
    <label>Initiate gun</label>
    <graphicData>
      <texPath>ra2/Things/Weapon/Yuri/Soldier/InitiateGun</texPath>
	  <drawSize>(0.1,0.1)</drawSize>
      <graphicClass>Graphic_Single</graphicClass>
    </graphicData>
    <menuHidden>true</menuHidden>
    <description>Initiate's gun.</description>
    <soundInteract>Interact_Rifle</soundInteract>
    <destroyOnDrop>true</destroyOnDrop>
    <tradeability>None</tradeability>
    <statBases>
	  <SellPriceFactor>0.01</SellPriceFactor>
	  <MaxHitPoints>188</MaxHitPoints>
      <MarketValue>150</MarketValue>
      <Mass>0.6</Mass>
      <AccuracyTouch>0.80</AccuracyTouch>
      <AccuracyShort>0.64</AccuracyShort>
      <AccuracyMedium>0.41</AccuracyMedium>
      <AccuracyLong>0.22</AccuracyLong>
      <RangedWeapon_Cooldown>0.66</RangedWeapon_Cooldown>
      <DeteriorationRate>0</DeteriorationRate>
    </statBases>
    <weaponTags>
      <li>ra2_Gun_Initiate</li>
    </weaponTags>
    <verbs>
      <li>
        <verbClass>Verb_Shoot</verbClass>
        <hasStandardCommand>true</hasStandardCommand>
        <defaultProjectile>ra2_Bullet_Initiate</defaultProjectile>
        <warmupTime>1</warmupTime>
        <range>20</range>
        <ticksBetweenBurstShots>8</ticksBetweenBurstShots>
        <burstShotCount>1</burstShotCount>
        <soundCast>ra2_initiate_shot</soundCast>
        <muzzleFlashScale>9</muzzleFlashScale>
      </li>
    </verbs>
    <tools>
      <li>
        <label>grip</label>
        <capacities>
          <li>Blunt</li>
        </capacities>
        <power>1</power>
        <cooldownTime>1.6</cooldownTime>
      </li>
      <li>
        <label>barrel</label>
        <capacities>
          <li>Blunt</li>
          <li>Poke</li>
        </capacities>
        <power>1</power>
        <cooldownTime>1.6</cooldownTime>
      </li>
    </tools>
  </ThingDef>
  
  <ThingDef ParentName="HatBase">
    <defName>ra2_Hat_Initiate</defName>
    <label>Initiate hat</label>
    <description>Initiate's hat.</description>
    <graphicData>
      <texPath>Things/Pawn/Humanlike/Apparel/PowerArmorHelmet/PowerArmorHelmet</texPath>
      <graphicClass>Graphic_Single</graphicClass>
    </graphicData>
    <statBases>
      <WorkToMake>2200</WorkToMake>
      <Mass>0.07</Mass>
      <ArmorRating_Blunt>0.03</ArmorRating_Blunt>
      <ArmorRating_Sharp>0.03</ArmorRating_Sharp>
      <Insulation_Cold>10</Insulation_Cold>
      <Insulation_Heat>2</Insulation_Heat>
    </statBases>
    <apparel>
      <bodyPartGroups>
        <li>UpperHead</li>
      </bodyPartGroups>
      <wornGraphicPath>Things/Pawn/Humanlike/Apparel/PowerArmorHelmet/PowerArmorHelmet</wornGraphicPath>
      <layers>
        <li>Overhead</li>
      </layers>
      <tags>
	    <li>ra2_Hat_Initiate</li>
      </tags>
      <defaultOutfitTags>
        <li>Initiate</li>
      </defaultOutfitTags>
    </apparel>
    <colorGenerator Class="ColorGenerator_Options">
      <options>
        <li>
          <weight>100</weight>
          <only>RGBA(0.5,0.5,0.5,1)</only>
        </li>
      </options>
    </colorGenerator>
  </ThingDef>
  
  
  	<ThingDef ParentName="Ra2ClothBase">
		<defName>ra2_Parka_Initiate</defName>
		<label>Initiate parka</label>
		<description>A thick parka for staying warm in even the coldest of temperatures.</description>
		<graphicData>
			<texPath>Things/Pawn/Humanlike/Apparel/PowerArmor/PowerArmor</texPath>
			<graphicClass>Graphic_Single</graphicClass>
		</graphicData>
		<statBases>
			<MaxHitPoints>180</MaxHitPoints>
			<WorkToMake>24000</WorkToMake>
			<Mass>3.8</Mass>
			<ArmorRating_Sharp>0.03</ArmorRating_Sharp>
			<ArmorRating_Heat>0.03</ArmorRating_Heat>
			<Insulation_Cold>40</Insulation_Cold>
			<Insulation_Heat>3</Insulation_Heat>
		</statBases>
		<equippedStatOffsets>
			<MoveSpeed>-0.05</MoveSpeed>
			<WorkSpeedGlobal>-0.20</WorkSpeedGlobal>
		</equippedStatOffsets>
		<apparel>
			<bodyPartGroups>
				<li>Torso</li>
				<li>Shoulders</li>
				<li>Arms</li>
			</bodyPartGroups>
			<wornGraphicPath>Things/Pawn/Humanlike/Apparel/PowerArmor/PowerArmor</wornGraphicPath>
			<layers>
				<li>Shell</li>
			</layers>
			<tags>
				<li>ra2_Parka_Initiate</li>
			</tags>
			<defaultOutfitTags>
				<li>Initiate</li>
			</defaultOutfitTags>
		</apparel>
		<colorGenerator Class="ColorGenerator_Options">
			<options>
				<li>
					<weight>100</weight>
					<only>RGBA(0.5,0.5,0.5,1)</only>
				</li>
			</options>
		</colorGenerator>
	</ThingDef>
	
  
  
	<ThingDef ParentName="Ra2ClothBase">
    <defName>ra2_Pants_Initiate</defName>
    <label>Initiate pants</label>
    <description>A simple set of pants.</description>
    <graphicData>
      <texPath>Things/Pawn/Humanlike/Apparel/Pants/Pants</texPath>
      <graphicClass>Graphic_Single</graphicClass>
    </graphicData>
		
    
    <statBases>
			<MaxHitPoints>100</MaxHitPoints>
			<WorkToMake>8500</WorkToMake>
      <Mass>0.5</Mass>
      <ArmorRating_Blunt>0.03</ArmorRating_Blunt>
      <ArmorRating_Sharp>0.03</ArmorRating_Sharp>
      <Insulation_Cold>3</Insulation_Cold>
    </statBases>
    <apparel>
      <bodyPartGroups>
        <li>Legs</li>
      </bodyPartGroups>
      <layers>
        <li>OnSkin</li>
      </layers>
      <tags>
        <li>ra2_Pants_Initiate</li>
      </tags>
      <defaultOutfitTags>
        <li>Initiate</li>
      </defaultOutfitTags>
    </apparel>
		<colorGenerator Class="ColorGenerator_Options">
			<options>
				<li>
					<weight>100</weight>
					<only>RGBA(0.74,0.6,0.41,1)</only>
				</li>
			</options>
		</colorGenerator>
  </ThingDef>
  
</Defs>