<?xml version="1.0" encoding="utf-8" ?>
<Defs>
  
  <ThingDef ParentName="HatBase">
    <defName>ra2_Hat_Engineer_Y</defName>
    <label>Engineer_Y hat</label>
    <description>Engineer_Y's hat.</description>
    <graphicData>
      <texPath>Things/Pawn/Humanlike/Apparel/Tuque/Tuque</texPath>
      <graphicClass>Graphic_Single</graphicClass>
    </graphicData>
    
    <statBases>
      <WorkToMake>2200</WorkToMake>
      <Mass>0.07</Mass>
      <ArmorRating_Blunt>0.03</ArmorRating_Blunt>
      <ArmorRating_Sharp>0.03</ArmorRating_Sharp>
      <Insulation_Cold>10</Insulation_Cold>
      <Insulation_Heat>2</Insulation_Heat>
    </statBases>
		<generateCommonality>0.5</generateCommonality>
    <apparel>
      <bodyPartGroups>
        <li>UpperHead</li>
      </bodyPartGroups>
      <wornGraphicPath>Things/Pawn/Humanlike/Apparel/Tuque/Tuque</wornGraphicPath>
      <layers>
        <li>Overhead</li>
      </layers>
      <tags>
	    <li>ra2_Hat_Engineer_Y</li>
      </tags>
      <defaultOutfitTags>
        <li>Engineer_Y</li>
      </defaultOutfitTags>
    </apparel>
    <colorGenerator Class="ColorGenerator_Options">
      <options>
        <li>
          <weight>100</weight>
          <only>RGBA(1.0,1.0,0.00,1)</only>
        </li>

      </options>
    </colorGenerator>
  </ThingDef>
  
  
  	<ThingDef ParentName="Ra2ClothBase">
		<defName>ra2_Parka_Engineer_Y</defName>
		<label>Engineer_Y parka</label>
		<description>A thick parka for staying warm in even the coldest of temperatures.</description>
		<graphicData>
			<texPath>Things/Pawn/Humanlike/Apparel/Parka/Parka</texPath>
			<graphicClass>Graphic_Single</graphicClass>
		</graphicData>
		

		<statBases>
			<MaxHitPoints>180</MaxHitPoints>
			<WorkToMake>24000</WorkToMake>
			<Mass>3.8</Mass>
			<ArmorRating_Sharp>0.03</ArmorRating_Sharp>
			<ArmorRating_Heat>0.03</ArmorRating_Heat>
			<Insulation_Cold>40</Insulation_Cold>
			<Insulation_Heat>3</Insulation_Heat>
		</statBases>
		<equippedStatOffsets>
			<MoveSpeed>-0.05</MoveSpeed>
			<WorkSpeedGlobal>-0.20</WorkSpeedGlobal>
		</equippedStatOffsets>
		<apparel>
			<bodyPartGroups>
				<li>Torso</li>
				<li>Shoulders</li>
				<li>Arms</li>
			</bodyPartGroups>
			<wornGraphicPath>Things/Pawn/Humanlike/Apparel/Jacket/Jacket</wornGraphicPath>
			<layers>
				<li>Shell</li>
			</layers>
			<tags>
				<li>ra2_Parka_Engineer_Y</li>
			</tags>
			<defaultOutfitTags>
				<li>Engineer_Y</li>
			</defaultOutfitTags>
		</apparel>
		<colorGenerator Class="ColorGenerator_Options">
			<options>
				<li>
					<weight>100</weight>
					<only>RGBA(0.45,0.1,0.64,1)</only>
				</li>
			</options>
		</colorGenerator>
	</ThingDef>
	
	
  	<ThingDef ParentName="Ra2ClothBase">
		<defName>ra2_Shirt_Engineer_Y</defName>
		<label>Engineer_Y shirt</label>
		<description>A thick parka for staying warm in even the coldest of temperatures.</description>
		<graphicData>
			<texPath>Things/Pawn/Humanlike/Apparel/ShirtBasic/ShirtBasic</texPath>
			<graphicClass>Graphic_Single</graphicClass>
		</graphicData>
		

		<statBases>
			<MaxHitPoints>180</MaxHitPoints>
			<WorkToMake>24000</WorkToMake>
			<Mass>3.8</Mass>
			<ArmorRating_Sharp>0.03</ArmorRating_Sharp>
			<ArmorRating_Heat>0.03</ArmorRating_Heat>
			<Insulation_Cold>40</Insulation_Cold>
			<Insulation_Heat>3</Insulation_Heat>
		</statBases>
		<equippedStatOffsets>
			<MoveSpeed>-0.05</MoveSpeed>
			<WorkSpeedGlobal>-0.20</WorkSpeedGlobal>
		</equippedStatOffsets>
		<apparel>
			<bodyPartGroups>
              <li>Torso</li>
              <li>Shoulders</li>
			</bodyPartGroups>
			<wornGraphicPath>Things/Pawn/Humanlike/Apparel/ShirtBasic/ShirtBasic</wornGraphicPath>
			<layers>
				<li>OnSkin</li>
			</layers>
			<tags>
				<li>ra2_Shirt_Engineer_Y</li>
			</tags>
			<defaultOutfitTags>
				<li>Engineer_Y</li>
			</defaultOutfitTags>
		</apparel>
		<colorGenerator Class="ColorGenerator_Options">
			<options>
				<li>
					<weight>100</weight>
					<only>RGBA(1.0,1.0,1.0,1)</only>
				</li>
			</options>
		</colorGenerator>
	</ThingDef>
  
  
	<ThingDef ParentName="Ra2ClothBase">
    <defName>ra2_Pants_Engineer_Y</defName>
    <label>Engineer_Y pants</label>
    <description>A simple set of pants.</description>
    <graphicData>
      <texPath>Things/Pawn/Humanlike/Apparel/Pants/Pants</texPath>
      <graphicClass>Graphic_Single</graphicClass>
    </graphicData>
		

    <statBases>
			<MaxHitPoints>100</MaxHitPoints>
			<WorkToMake>8500</WorkToMake>
      <Mass>0.5</Mass>
      <ArmorRating_Blunt>0.03</ArmorRating_Blunt>
      <ArmorRating_Sharp>0.03</ArmorRating_Sharp>
      <Insulation_Cold>3</Insulation_Cold>
    </statBases>
    <apparel>
      <bodyPartGroups>
        <li>Legs</li>
      </bodyPartGroups>
      <layers>
        <li>OnSkin</li>
      </layers>
      <tags>
        <li>ra2_Pants_Engineer_Y</li>
      </tags>
      <defaultOutfitTags>
        <li>Engineer_Y</li>
      </defaultOutfitTags>
    </apparel>
		<colorGenerator Class="ColorGenerator_Options">
			<options>
				<li>
					<weight>100</weight>
					<only>RGBA(0.74,0.6,0.41,1)</only>
				</li>
			</options>
		</colorGenerator>
  </ThingDef>
  
</Defs>