﻿<?xml version="1.0" encoding="utf-8" ?>
<Defs>


  <ThingDef ParentName="ra2_BaseTank">
    <defName>ra2_Tank_Rhino</defName>
    <label>rhino heavy tank</label>
    <description>Heavy combat mechanoids that glide on dozens of tiny legs. Their thick carpace and firepower makes them very effective against bunched-up static defenders. They are somewhat vulnerable to mobile hit-and-run tactics.</description>
    <statBases>
      <MoveSpeed>2.5</MoveSpeed>
      <ArmorRating_Blunt>0.2</ArmorRating_Blunt>
      <ArmorRating_Sharp>0.7</ArmorRating_Sharp>
    </statBases>
    <tools>
      <li>
        <label>head</label>
        <capacities>
          <li>Blunt</li>
        </capacities>
        <power>50</power>
        <cooldownTime>2.6</cooldownTime>
        <linkedBodyPartsGroup>HeadAttackTool</linkedBodyPartsGroup>
        <ensureLinkedBodyPartsGroupAlwaysUsable>true</ensureLinkedBodyPartsGroupAlwaysUsable>
      </li>
    </tools>
    <race>
      <intelligence>ToolUser</intelligence>
      <thinkTreeMain>Mechanoid</thinkTreeMain>
      <body>ra2_Rhino_Body</body>
      <baseBodySize>2.0</baseBodySize>
      <baseHealthScale>1.0</baseHealthScale>
      <lifeStageAges>
        <li>
          <def>MechanoidFullyFormed</def>
          <minAge>0</minAge>
          <soundWounded>Pawn_Mech_Centipede_Wounded</soundWounded>
          <soundDeath>Pawn_Mech_Centipede_Death</soundDeath>
          <soundCall>ra2_rhino_move</soundCall>
        </li>
      </lifeStageAges>
      <soundCallIntervalRange>
        <min>1000</min>
        <max>2000</max>
      </soundCallIntervalRange>
      <soundMeleeHitPawn>Pawn_Melee_MechanoidBash_HitPawn</soundMeleeHitPawn>
      <soundMeleeHitBuilding>Pawn_Melee_MechanoidBash_HitBuilding</soundMeleeHitBuilding>
      <soundMeleeMiss>Pawn_Melee_MechanoidBash_Miss</soundMeleeMiss>
    </race>
    <butcherProducts>
      <Steel>240</Steel>
      <Plasteel>150</Plasteel>
      <ComponentIndustrial>6</ComponentIndustrial>
	  <Chemfuel>600</Chemfuel>
    </butcherProducts>
  </ThingDef>


  <ThingDef ParentName="ra2_BaseTank">
    <defName>ra2_Tank_Apo</defName>
    <label>apocalypse tank</label>
    <description>Heavy combat mechanoids that glide on dozens of tiny legs. Their heavy armor and firepower makes them very effective against bunched-up static defenders. They are somewhat vulnerable to mobile hit-and-run tactics.</description>
    <statBases>
      <MoveSpeed>2.4</MoveSpeed>
      <ArmorRating_Blunt>0.2</ArmorRating_Blunt>
      <ArmorRating_Sharp>0.7</ArmorRating_Sharp>
    </statBases>
    <tools>
      <li>
        <label>head</label>
        <capacities>
          <li>Blunt</li>
        </capacities>
        <power>50</power>
        <cooldownTime>2.4</cooldownTime>
        <linkedBodyPartsGroup>HeadAttackTool</linkedBodyPartsGroup>
        <ensureLinkedBodyPartsGroupAlwaysUsable>true</ensureLinkedBodyPartsGroupAlwaysUsable>
      </li>
    </tools>
    <race>
      <intelligence>ToolUser</intelligence>
      <thinkTreeMain>Mechanoid</thinkTreeMain>
      <body>ra2_Rhino_Body</body>
      <baseBodySize>3.0</baseBodySize>
      <baseHealthScale>3.5</baseHealthScale>
      <lifeStageAges>
        <li>
          <def>MechanoidFullyFormed</def>
          <minAge>0</minAge>
          <soundWounded>Pawn_Mech_Centipede_Wounded</soundWounded>
          <soundDeath>Pawn_Mech_Centipede_Death</soundDeath>
          <soundCall>ra2_apo_move</soundCall>
        </li>
      </lifeStageAges>
      <soundCallIntervalRange>
        <min>1000</min>
        <max>2000</max>
      </soundCallIntervalRange>
      <soundMeleeHitPawn>Pawn_Melee_MechanoidBash_HitPawn</soundMeleeHitPawn>
      <soundMeleeHitBuilding>Pawn_Melee_MechanoidBash_HitBuilding</soundMeleeHitBuilding>
      <soundMeleeMiss>Pawn_Melee_MechanoidBash_Miss</soundMeleeMiss>
    </race>
    <butcherProducts>
      <Steel>480</Steel>
      <Plasteel>300</Plasteel>
      <ComponentIndustrial>20</ComponentIndustrial>
	  <ra2_SovietApoGunItem>1</ra2_SovietApoGunItem>
	  <Chemfuel>2000</Chemfuel>
    </butcherProducts>
  </ThingDef>
  
</Defs>