﻿<?xml version="1.0" encoding="utf-8"?>
<Defs>

  <SoundDef>
    <defName>ra2_brute_shot</defName>
    <context>MapOnly</context>
    <eventNames />
    <maxVoices>1</maxVoices>
    <maxSimultaneous>1</maxSimultaneous>
    <subSounds>
      <li>
        <grains>
          <li Class="AudioGrain_Folder">
            <clipFolderPath>ra2/Yuri/brute/hit</clipFolderPath>
          </li>
        </grains>
        <volumeRange>
          <min>70</min>
          <max>85</max>
        </volumeRange>
      </li>
    </subSounds>
  </SoundDef>

</Defs>