﻿<?xml version="1.0" encoding="utf-8"?>
<Defs>

  <SoundDef>
    <defName>ra2_YuriBarracks_Training</defName>
    <context>MapOnly</context>
    <eventNames />
    <maxVoices>4</maxVoices>
    <maxSimultaneous>1</maxSimultaneous>
    <subSounds>
      <li>
        <onCamera>True</onCamera>
        <grains>
          <li Class="AudioGrain_Clip">
            <clipPath>ra2/Yuri/Barracks/ra2Training</clipPath>
          </li>
        </grains>
        <volumeRange>
          <min>70</min>
          <max>85</max>
        </volumeRange>
      </li>
    </subSounds>
  </SoundDef>
  
  <SoundDef>
    <defName>ra2_YuriBarracks_UnitReady</defName>
    <context>MapOnly</context>
    <eventNames />
    <maxVoices>4</maxVoices>
    <maxSimultaneous>1</maxSimultaneous>
    <subSounds>
      <li>
        <onCamera>True</onCamera>
        <grains>
          <li Class="AudioGrain_Clip">
            <clipPath>ra2/Yuri/Barracks/ra2UnitReady</clipPath>
          </li>
        </grains>
        <volumeRange>
          <min>70</min>
          <max>85</max>
        </volumeRange>
      </li>
    </subSounds>
  </SoundDef>  
  
  <SoundDef>
    <defName>ra2_YuriBarracks_UnitLost</defName>
    <context>MapOnly</context>
    <eventNames />
    <maxVoices>4</maxVoices>
    <maxSimultaneous>1</maxSimultaneous>
    <subSounds>
      <li>
        <onCamera>True</onCamera>
        <grains>
          <li Class="AudioGrain_Clip">
            <clipPath>ra2/Yuri/Barracks/ra2UnitLost</clipPath>
          </li>
        </grains>
        <volumeRange>
          <min>70</min>
          <max>85</max>
        </volumeRange>
      </li>
    </subSounds>
  </SoundDef>  

</Defs>