﻿<?xml version="1.0" encoding="utf-8"?>
<Defs>
  <FactionDef>
    <defName>ra2_Yuri</defName>
    <label>Yuri</label>
    <description>Yuri Force.</description>
    <pawnsPlural>Soldiers</pawnsPlural>
    <listOrderPriority>20</listOrderPriority>
    <settlementGenerationWeight>1</settlementGenerationWeight>
    <requiredCountAtGameStart>1</requiredCountAtGameStart>
    <maxCountAtGameStart>1</maxCountAtGameStart>
    <canMakeRandomly>true</canMakeRandomly>
    <canSiege>false</canSiege>
    <canStageAttacks>true</canStageAttacks>
    <leaderTitle>Commander</leaderTitle>
    <fixedName>Yuri Army</fixedName>
    <expandingIconTexture>ra2/World/YuriIcon</expandingIconTexture>
    <colorSpectrum>
      <li>(1, 1, 1)</li>
    </colorSpectrum>
    <permanentEnemy>true</permanentEnemy>
    <techLevel>Ultra</techLevel>
		<backstoryCategories>
			<li>Raider</li>
		</backstoryCategories>
    <hairTags>
      <li>Urban</li>
    </hairTags>

	

    <pawnGroupMakers>
      <li>
        <kindDef>Combat</kindDef>
        <commonality>100</commonality>
        <options>
          <ra2_YuriInitiate>100</ra2_YuriInitiate>
		  <ra2_YuriBrute>30</ra2_YuriBrute>
          <ra2_YuriYuri>5</ra2_YuriYuri>
        </options>
      </li>
      <li>
        <kindDef>Combat</kindDef>
        <commonality>30</commonality>
        <options>
          <ra2_YuriInitiate>30</ra2_YuriInitiate>
		  <ra2_YuriBrute>100</ra2_YuriBrute>
          <ra2_YuriYuri>5</ra2_YuriYuri>
        </options>
      </li>
      <li>
        <kindDef>Combat</kindDef>
        <commonality>30</commonality>
        <options>
          <ra2_YuriInitiate>30</ra2_YuriInitiate>
		  <ra2_YuriBrute>30</ra2_YuriBrute>
          <ra2_YuriYuri>100</ra2_YuriYuri>
        </options>
      </li>
      <li>
        <kindDef>Settlement</kindDef>
        <options>
          <ra2_YuriInitiate>100</ra2_YuriInitiate>
		  <ra2_YuriBrute>60</ra2_YuriBrute>
          <ra2_YuriEngineer>5</ra2_YuriEngineer>
          <ra2_YuriYuri>30</ra2_YuriYuri>
        </options>
      </li>
    </pawnGroupMakers>

    <homeIconPath>World/WorldObjects/DefaultSettlement</homeIconPath>
    <autoFlee>false</autoFlee>
    <earliestRaidDays>60</earliestRaidDays>
    <rescueesCanJoin>false</rescueesCanJoin>
    <maxPawnCostPerTotalPointsCurve>
      <points>
        <li>(0,35)</li>
        <li>(70, 50)</li>
        <li>(700, 100)</li>
        <li>(1300, 150)</li>
        <li>(100000, 10000)</li>
      </points>
    </maxPawnCostPerTotalPointsCurve>
		<factionNameMaker>NamerFactionOutlander</factionNameMaker>
		<settlementNameMaker>NamerSettlementOutlander</settlementNameMaker>
  </FactionDef>
</Defs>