﻿<?xml version="1.0" encoding="utf-8"?>
<Defs>
  <TraderKindDef>
    <defName>ra2_Trader_Visitor_Soviet</defName>
    <stockGenerators>
      <li Class="StockGenerator_SingleDef">
        <thingDef>Silver</thingDef>
        <countRange>
          <min>1000</min>
          <max>1500</max>
        </countRange>
      </li>
      <li Class="StockGenerator_SingleDef">
        <thingDef>ra2_SovietTechCore</thingDef>
        <price>Expensive</price>
        <countRange>
          <min>-1</min>
          <max>1</max>
        </countRange>
      </li>
      <!--base-->
      <li Class="StockGenerator_SingleDef">
        <thingDef>ComponentIndustrial</thingDef>
        <countRange>
          <min>10</min>
          <max>20</max>
        </countRange>
      </li>
      <li Class="StockGenerator_SingleDef">
        <thingDef>Steel</thingDef>
        <countRange>
          <min>50</min>
          <max>200</max>
        </countRange>
      </li>
      <li Class="StockGenerator_SingleDef">
        <thingDef>Plasteel</thingDef>
        <countRange>
          <min>30</min>
          <max>100</max>
        </countRange>
      </li>
      <li Class="StockGenerator_SingleDef">
        <thingDef>Gold</thingDef>
        <countRange>
          <min>10</min>
          <max>40</max>
        </countRange>
      </li>
      <li Class="StockGenerator_SingleDef">
        <thingDef>Beer</thingDef>
        <totalPriceRange>
          <min>-700</min>
          <max>100</max>
        </totalPriceRange>
      </li>
      <li Class="StockGenerator_Slaves">
        <countRange>
          <min>-1</min>
          <max>2</max>
        </countRange>
      </li>
      <li Class="StockGenerator_BuyWeirdOrganic" />
    </stockGenerators>
  </TraderKindDef>
</Defs>