<?xml version="1.0" encoding="utf-8" ?>
<Defs>
  
  
  <ThingDef ParentName="ResourceBase">
    <defName>ra2_SovietTechCore</defName>
    <label>soviet tech core</label>
    <description>It contains soviet tech.</description>
    <graphicData>
      <texPath>ra2/World/SovietIcon</texPath>
      <graphicClass>Graphic_Single</graphicClass>
    </graphicData>
    <soundInteract>Metal_Drop</soundInteract>
    <soundDrop>Standard_Drop</soundDrop>
    <stackLimit>1</stackLimit>
    <statBases>
      <MaxHitPoints>70</MaxHitPoints>
      <MarketValue>10000</MarketValue>
      <Mass>0.6</Mass>
      <Flammability>0.6</Flammability>
			<DeteriorationRate>2.0</DeteriorationRate>
	  <SellPriceFactor>0.01</SellPriceFactor>
		</statBases>
    <intricate>true</intricate>
    <thingCategories>
      <li>Items</li>
    </thingCategories>
    <tradeTags>
      <li>ExoticMisc</li>
    </tradeTags>
  </ThingDef>
  

</Defs>