﻿<?xml version="1.0" encoding="utf-8"?>
<Defs>

  <ThingDef Name="ra2MissleBase" Abstract="True">
    <category>Projectile</category>
    <tickerType>Normal</tickerType>
    <altitudeLayer>Projectile</altitudeLayer>
    <label>bullet</label>
    <useHitPoints>False</useHitPoints>
    <neverMultiSelect>True</neverMultiSelect>
    <graphicData>
      <shaderType>Transparent</shaderType>
    </graphicData>
  </ThingDef>
  
  <ThingDef ParentName="ra2MissleBase">
    <defName>SovietNuclearFallen</defName>
    <label>nuclear missle (fallen)</label>
    <thingClass>ra2.SovietNuclearFallen</thingClass>
    <altitudeLayer>Projectile</altitudeLayer>
    <graphicData>
      <texPath>ra2/Nuke/NukeMissle</texPath>
      <graphicClass>Graphic_Single</graphicClass>
      <shaderType>CutoutFlying</shaderType>
      <drawSize>(2.5,7)</drawSize>
    </graphicData>
  </ThingDef>
  
  <ThingDef ParentName="ra2MissleBase">
    <defName>SovietNuclearLeaving</defName>
    <label>nuclear missle (leaving)</label>
    <thingClass>ra2.SovietNuclearLeaving</thingClass>
    <altitudeLayer>Projectile</altitudeLayer>
    <graphicData>
      <texPath>ra2/Nuke/NukeMissle</texPath>
      <graphicClass>Graphic_Single</graphicClass>
      <shaderType>CutoutFlying</shaderType>
      <drawSize>(2.5,7)</drawSize>
    </graphicData>
  </ThingDef>
  
  <ThingDef ParentName="EtherealThingBase">
    <defName>SovietNuclearStrike</defName>
    <label>nuclear missle Strike</label>
    <thingClass>ra2.SovietNuclearStrike</thingClass>
    <tickerType>Normal</tickerType>
    <drawerType>RealtimeOnly</drawerType>
    <drawOffscreen>true</drawOffscreen>
    <seeThroughFog>true</seeThroughFog>
    <comps>
      <li Class="CompProperties_AffectsSky">
        <skyColors>
          <sky>(175, 78, 0)</sky>
          <shadow>(213, 173, 87)</shadow>
          <overlay>(213, 173, 87)</overlay>
          <saturation>1.5</saturation>
        </skyColors>
      </li>
    </comps>
  </ThingDef>
  
  
   <ThingDef ParentName="ra2BuildingBase">
    <defName>ra2_SovietSuperWeapon</defName>
    <label>Nuclear Silo</label>
    <description>Super Weapon.</description>
    <thingClass>ra2.Building_SuperWeapon</thingClass>
    <researchPrerequisites>
      <li>Ra2SovietNuclearMissle</li>
    </researchPrerequisites>
    <graphicData>
      <texPath>ra2/Nuke/ra2_Nuke_bottom</texPath>
      <graphicClass>Graphic_Single</graphicClass>
      <drawSize>(12,12)</drawSize>
      <shadowData>
        <volume>(3.5,0.75,3.4)</volume>
        <offset>(0,0,0)</offset>
      </shadowData>
      <damageData>
        <rect>(0,0.6,4,2.8)</rect>
      </damageData>
    </graphicData>
    <uiIconPath>ra2/Nuke/ra2_Nuke_UI</uiIconPath>
    <uiIconScale>2</uiIconScale>
    <rotatable>false</rotatable>
    <altitudeLayer>Building</altitudeLayer>
    <passability>PassThroughOnly</passability>
    <pathCost>70</pathCost>
    <fillPercent>0.5</fillPercent>
    <canOverlapZones>false</canOverlapZones>
    <statBases>
      <MaxHitPoints>300</MaxHitPoints>
      <WorkToBuild>2500</WorkToBuild>
      <Flammability>0.7</Flammability>
    </statBases>
    <tickerType>Normal</tickerType>
    <size>(6,5)</size>
    <costList>
      <ra2_GoldBar>5000</ra2_GoldBar>
      <ComponentSpacer>6</ComponentSpacer>
    </costList>
    <comps>
      <li Class="CompProperties_Power">
        <compClass>CompPowerTrader</compClass>
        <basePowerConsumption>4000</basePowerConsumption>
      </li>
      <li Class="CompProperties_Breakdownable"/>
      <li>
        <compClass>ra2.CompSovietSuperWeapon</compClass>
      </li>
    </comps>
    <terrainAffordanceNeeded>Medium</terrainAffordanceNeeded>
    <designationCategory>SuperWeapon</designationCategory>
    <designationHotKey>Misc5</designationHotKey>
    <constructEffect>ConstructMetal</constructEffect>
    <constructionSkillPrerequisite>6</constructionSkillPrerequisite>
  </ThingDef>

</Defs>