﻿<?xml version="1.0" encoding="utf-8" ?>
<Defs>
  


  
  <DamageDef>
    <defName>TanyaGun</defName>
    <label>tanya gun</label>
    <workerClass>DamageWorker_AddInjury</workerClass>
    <externalViolence>true</externalViolence>
    <deathMessage>{0} was killed by Tanya.</deathMessage>
    <hediff>Gunshot</hediff>
    <harmAllLayersUntilOutside>true</harmAllLayersUntilOutside>
    <impactSoundType>Bullet</impactSoundType>
    <armorCategory>Sharp</armorCategory>
    <overkillPctToDestroyPart>0~0.7</overkillPctToDestroyPart>
    <isRanged>true</isRanged>
    <makesAnimalsFlee>true</makesAnimalsFlee>
  </DamageDef>
  
</Defs>